name,state,groups,drug-interactions,enzymes,targets,average-mass,monoisotopic-mass
840,0,1,706,185,1,370.422,370.098727764
566,0,1,701,185,1,370.422,370.098727764
567,0,1,699,185,1,370.422,370.098727764
839,0,0,0,33,1,370.422,370.098727764
841,0,0,697,148,1,370.422,370.098727764
66,1,1,1170,5,1,370.422,370.098727764
558,0,1,496,105,1,370.422,370.098727764
571,0,1,703,185,1,370.422,370.098727764
564,0,1,708,185,1,370.422,370.098727764
31,0,0,800,23,1,370.422,370.098727764
559,0,0,498,89,1,370.422,370.098727764
556,0,0,494,185,1,370.422,370.098727764
1036,0,1,366,440,1,370.422,370.098727764
569,0,1,153,185,1,370.422,370.098727764
570,0,0,702,185,1,370.422,370.098727764
568,0,1,700,185,1,370.422,370.098727764
561,0,0,490,89,1,370.422,370.098727764
843,0,0,42,124,1,370.422,370.098727764
444,0,0,8,33,1,370.422,370.098727764
789,1,1,110,203,1,370.422,370.098727764
565,0,0,707,185,1,370.422,370.098727764
387,1,1,1043,489,1,370.422,370.098727764
179,1,4,355,215,1,416.6365,416.329045274
177,1,4,1184,37,1,400.6371,400.334130652
401,1,4,1182,41,1,396.6484,396.33921603
1212,1,29,206,53,1,430.7061,430.381080844
627,1,2,455,182,1,206.326,206.043521072
678,1,4,1070,108,1,172.18,172.0524295
474,1,1,888,518,1,318.34,318.155512413
457,1,1,583,196,1,434.4977,434.210466929
847,1,0,652,109,1,767.9,767.33124736
208,1,0,1124,146,1,199.313,199.103084861
642,1,0,294,607,1,321.158,320.011932988
146,1,1,857,437,1,384.237,384.196885774
864,1,15,112,196,1,149.2328,149.120449485
1205,1,1,138,122,1,267.2413,267.096753929
453,1,1,346,270,1,306.2708,306.104065446
1172,1,3,665,355,1,441.54,441.160993669
805,1,0,1148,337,1,312.4045,312.204907394
1046,1,0,1035,109,1,290.399,290.220557458
1019,1,1,73,492,1,474.576,474.204924168
341,1,1,553,196,1,441.565,441.139212369
929,1,27,442,347,1,248.711,248.082874143
950,1,3,232,129,1,608.6787,608.273380888
1174,1,0,992,130,1,392.518,392.22202025
714,1,0,87,130,1,254.2823,254.126657074
372,1,1,309,485,1,382.519,382.171498776
741,1,1,60,185,1,401.4314,401.175084476
757,1,0,860,527,1,567.782,567.313077633
507,1,0,103,343,1,490.62,490.224991385
548,1,0,81,550,1,613.7895,613.362805017
1089,1,1,377,316,1,300.74,300.066555377
53,1,0,53,77,1,153.1354,153.042593095
941,1,7,211,222,1,313.397,313.167793605
814,1,0,1192,267,1,429.12,426.9812729
30,1,0,1048,196,1,408.916,408.170351745
230,1,1,693,346,1,285.687,285.062866982
939,1,1,255,222,1,427.5365,427.247106559
683,1,0,791,573,1,153.1354,153.042593095
1229,1,0,230,293,1,412.936,412.112459711
703,1,0,326,196,1,353.458,353.210327123
173,1,0,337,196,1,451.6043,451.294725453
281,1,1,742,22,1,248.301,248.061948328
673,1,0,1052,216,1,344.4877,344.23514489
326,1,3,1197,352,1,268.356,268.146329884
247,1,26,1179,401,1,344.837,344.108026261
266,1,0,1173,106,1,102.0919,102.042927446
62,1,0,669,185,1,256.088,254.996617275
1058,1,26,664,343,1,267.304,267.067761987
982,1,1,940,185,1,260.3746,260.1888634
213,1,23,644,103,1,380.864,380.117922245
1148,1,0,504,267,1,339.362,339.098787343
254,1,0,959,206,1,370.422,370.098727764
46,1,0,1051,216,1,502.5717,502.236681679
89,1,0,187,158,1,255.3547,255.162314299
209,1,0,691,57,1,304.212,303.079284271
420,1,0,371,552,1,244.289,244.121177766
421,1,1,1134,196,1,324.4565,324.20893014
452,1,1,22,196,1,453.872,453.056147271
301,1,0,78,232,1,310.473,310.229665582
728,1,0,709,182,1,334.3272,334.127719706
132,1,1,687,233,1,348.4779,348.20893014
849,1,27,400,283,1,226.2722,226.131742452
1230,1,1,915,119,1,287.3568,287.163376931
335,1,1,327,196,1,583.6774,583.279469319
54,1,0,950,463,1,277.4033,277.183049741
451,1,0,801,115,1,246.1924,246.065199677
1142,1,5,370,343,1,273.2408,273.063722467
463,1,1,690,216,1,376.4617,376.204987621
778,1,1,170,553,1,215.938,215.948300785
414,1,0,1086,487,1,204.3098,204.183778022
792,1,1,954,439,1,312.432,312.14086735
872,1,1,667,196,1,810.46,809.4480897
927,1,1,1113,547,1,123.1127,123.043261797
33,1,1,619,196,1,389.4488,389.206304377
1168,1,0,887,457,1,143.1406,143.058243159
234,1,15,289,533,1,300.74,300.066555377
723,1,1,93,548,1,209.2483,209.127660127
675,1,27,251,196,1,384.516,384.23005951
697,1,0,543,196,1,339.4314,339.194677059
217,1,0,866,415,1,169.565,168.993056084
49,1,1,369,267,1,232.2783,232.121177766
674,1,1,352,211,1,378.3122,378.116682374
1048,1,27,829,241,1,250.277,250.052446274
248,1,0,814,455,1,326.823,326.129824335
516,1,3,739,229,1,359.3947,359.16451979
621,1,1,357,216,1,312.4458,312.20893014
221,1,0,1087,114,1,279.187,279.062021707
1157,1,1,804,365,1,390.5131,390.240624198
824,1,1,283,141,1,296.414,296.188863401
363,1,3,486,196,1,312.4458,312.20893014
1066,1,3,906,185,1,198.2637,198.115698458
866,1,0,83,120,1,167.205,167.094628665
190,1,1,962,103,1,186.232,186.046298264
330,1,0,898,537,1,780.9385,780.429606756
1059,1,1,237,109,1,341.426,341.140926929
913,1,0,1017,109,1,312.472,312.166019468
110,1,1,678,216,1,521.042,520.222781245
195,1,0,990,427,1,260.33,260.173607266
867,1,30,134,116,1,151.209,151.099714043
517,1,27,1175,229,1,352.766,352.071365983
413,1,1,894,233,1,388.808,388.105066147
40,1,16,321,219,1,308.765,308.082874143
948,1,5,975,180,1,371.269,370.089205259
188,1,0,137,36,1,147.1955,147.113352734
18,1,3,102,412,1,324.395,324.114377828
1001,1,26,384,454,1,238.2829,238.131742452
915,0,26,813,437,1,284.419,284.13471934
698,1,1,55,611,1,233.3062,233.141578857
1231,1,0,880,437,1,307.3895,307.168462309
431,1,1,1044,546,1,321.3318,321.143704121
1045,1,1,711,556,1,265.2206,265.090999849
1165,1,1,1157,93,1,296.1999,296.062006087
912,1,26,1034,130,1,373.943,373.13794618
35,1,0,1164,547,1,136.1115,136.03851077
1170,1,26,242,242,1,290.3177,290.137890462
130,1,26,847,353,1,392.4611,392.199902243
395,1,0,710,592,1,543.5193,543.174060775
679,1,0,319,512,1,247.3327,247.157228921
388,1,1,69,185,1,320.3189,320.128468635
933,1,0,893,376,1,324.4168,324.183778022
356,1,15,335,86,1,314.4617,314.224580204
738,1,0,723,366,1,586.183,585.21044242
211,1,16,1004,196,1,299.755,299.082539792
360,1,0,383,514,1,297.415,297.118734925
935,1,1,738,354,1,473.583,473.166079047
153,1,0,989,546,1,292.135,291.011957992
323,1,27,192,196,1,470.326,469.026596773
747,1,1,298,371,1,372.5408,372.266445018
838,1,0,68,185,1,333.3574,333.148869726
167,1,1,317,225,1,385.5031,385.247775261
719,1,0,122,336,1,207.2243,207.110672659
390,1,1,994,168,1,305.286,305.101170605
283,1,1,1066,222,1,426.55,426.230728214
470,1,1,1155,82,1,276.2118,276.072176843
523,1,0,929,436,1,375.864,375.140134897
974,1,1,926,484,1,720.944,720.312760056
1164,1,26,218,109,1,352.417,352.122103923
318,1,0,315,528,1,271.404,271.193614429
229,1,0,802,24,1,300.05,298.955596
27,1,26,614,285,1,265.331,265.088497429
196,1,0,475,196,1,1093.331,1092.643062174
809,1,1,676,60,1,397.294,397.060149
609,1,1,1053,140,1,611.7272,611.299536059
680,1,3,885,462,1,218.2518,218.105527702
227,1,1,344,324,1,331.3415,331.133219662
1150,1,1,155,298,1,405.96,405.18594223
785,1,0,1031,490,1,263.3767,263.167399677
56,1,0,1032,130,1,313.781,313.098189856
928,1,1,654,210,1,181.2117,181.09770267
24,1,6,212,267,1,351.833,351.125073308
1222,1,1,45,372,1,575.675,575.209006493
922,1,1,765,78,1,170.232,170.051383642
692,1,0,1094,557,1,216.192,216.042258738
597,1,1,386,642,1,256.091,255.007850663
147,1,1,719,231,1,551.614,551.183854375
437,1,17,884,510,1,231.2573,231.123484132
244,1,0,891,135,1,230.094,229.017352717
1051,1,27,89,343,1,270.331,270.024516964
1191,1,1,1147,128,1,324.3357,324.154603158
189,1,1,1166,49,1,378.4,378.088557008
1217,1,0,338,530,1,349.3105,349.11504471
473,1,0,872,236,1,500.571,500.184429407
630,1,1,331,196,1,338.4466,338.210661474
353,1,0,269,274,1,451.4751,451.185568935
459,1,27,832,196,1,452.4882,452.201045102
879,1,26,150,130,1,86.1356,86.08439833
416,1,0,1069,625,1,141.1677,141.078978601
1112,1,26,394,626,1,242.338,242.10889852
624,1,1,803,117,1,337.3461,337.143784348
672,1,1,252,348,1,386.5244,386.245709576
228,1,3,896,468,1,465.945,465.183062343
749,1,1,21,229,1,414.475,414.124942514
212,1,27,834,359,1,319.872,319.181525554
55,1,1,672,362,1,355.861,355.145140048
485,1,12,388,117,1,225.16,225.038570337
958,1,1,204,464,1,847.0047,846.441508846
829,0,0,883,244,1,157.1671,157.073893223
1159,1,26,848,21,1,394.4339,394.179166801
811,1,1,84,343,1,306.4397,306.219494826
763,1,1,892,471,1,479.525,479.205635675
465,0,0,974,156,1,437.522,437.174867774
245,1,15,295,196,1,314.723,314.045819935
518,1,1,720,185,1,231.082,230.01260169
238,1,1,799,346,1,303.677,303.053445155
314,1,26,373,172,1,200.2795,200.131348522
240,0,1,202,419,1,242.699,242.070972053
844,1,1,797,90,1,427.4106,427.149183429
667,1,26,7,629,1,295.2927,295.095691297
729,1,0,350,196,1,320.041,317.953661148
603,0,1,97,641,1,432.5928,432.28757439
1156,1,1,316,225,1,371.864,371.151288058
456,1,26,31,196,1,410.458,410.190480328
769,1,1,1111,184,1,317.2207,317.062340438
1060,1,1,907,116,1,295.4,295.135447621
216,1,1,176,428,1,276.74,276.033540689
71,1,1,351,277,1,534.4267,534.150187993
492,1,0,1009,222,1,287.3535,287.152143543
577,0,3,1026,109,1,184.1457,184.066459031
1113,1,5,234,166,1,370.575,370.153740222
712,1,15,318,308,1,325.767,325.078203343
1175,1,3,57,185,1,416.36,416.109624848
454,1,1,579,200,1,380.4504,380.199902243
468,1,16,279,263,1,387.878,387.151368285
288,1,0,694,84,1,527.5199,527.179146153
404,1,0,332,196,1,581.6615,581.263819255
1134,1,1,912,185,1,253.711,253.018893678
776,1,26,1146,182,1,238.159,238.033819309
764,1,1,551,130,1,484.386,483.11575436
59,1,1,82,509,1,505.627,505.224656557
1072,1,1,246,138,1,408.512,408.171892706
325,1,27,1026,109,1,199.2932,199.168462309
69,1,1,874,70,1,267.3224,267.125928793
834,1,1,879,514,1,329.3654,329.142721716
782,1,0,564,531,1,298.4192,298.193280076
237,1,27,1078,17,1,244.892,243.886016298
544,1,1,1200,196,1,240.3036,240.137496532
1171,1,0,1033,163,1,294.4338,294.209598842
777,0,1,92,11,1,227.0865,227.002578773
1109,1,26,1162,554,1,201.248,201.036067929
972,1,1,222,138,1,410.4845,410.211804333
848,1,1,183,431,1,340.4195,340.189926032
965,1,1,933,554,1,234.198,234.007468097
661,1,1,161,195,0,182.1718,182.07903818
1226,1,3,730,3,1,236.29,236.061948328
734,1,1,41,510,1,273.35,273.082349419
294,1,1,1020,121,1,560.684,560.353362542
1000,1,1,982,196,1,303.3529,303.147058165
1154,1,1,390,486,1,133.194,133.089149358
342,1,1,197,227,1,324.38,324.147392512
681,1,1,1112,88,1,383.463,383.151491615
690,1,0,897,522,1,114.169,114.025168892
736,1,6,685,235,1,427.361,426.136464798
532,1,0,1176,196,1,475.6175,475.293388049
658,0,1,139,564,1,330.358,330.036066232
750,1,1,72,417,1,232.2353,232.08479226
861,0,0,382,445,1,136.1943,136.100048394
22,1,0,1154,638,1,225.2046,225.086189243
909,1,26,401,536,1,218.2518,218.105527702
1077,1,1,441,347,1,351.462,351.129299611
722,1,0,391,130,1,298.3828,298.179361346
850,1,1,918,185,1,278.307,278.137890462
141,1,1,1007,130,1,311.4611,311.224914555
955,1,0,1097,16,1,244.2047,244.080769514
983,1,1,66,185,1,294.3047,294.100442324
17,1,26,385,196,1,222.245,221.988131458
1068,1,1,241,196,1,389.404,389.137556111
418,1,0,362,196,1,384.5085,384.230059512
619,1,0,536,196,1,156.2652,156.151415262
226,1,3,59,185,1,262.2182,262.05897144
321,1,31,291,532,1,284.74,284.071640755
1163,1,1,818,558,1,407.496,407.164303088
197,1,0,1151,77,1,367.807,367.039354348
717,1,1,258,357,1,429.5937,429.266779369
640,1,0,754,249,1,477.038,476.223056017
1140,1,1,181,343,1,311.4,311.130362243
812,1,0,376,608,1,286.713,286.050905313
345,1,0,878,142,1,379.492,379.214743799
239,1,1,786,238,1,473.396,472.122152138
467,1,0,1048,196,1,436.5136,436.226116993
699,1,0,301,504,1,246.2619,246.100442324
857,1,0,819,449,1,403.969,403.148510866
272,1,1,798,556,1,182.187,182.091608966
925,1,0,116,116,1,165.2322,165.115364107
1095,1,27,729,372,1,291.4299,291.198699805
1196,1,0,621,216,1,488.603,488.220574232
1067,1,1,839,216,1,804.0182,803.481976677
121,1,15,305,228,1,239.3553,239.167399677
973,1,1,132,69,1,287.359,287.15214354
119,0,0,407,109,1,603.7419,603.361861543
348,1,0,1022,614,1,324.44,324.02721908
1096,1,0,185,112,1,225.2842,225.136493479
253,1,1,262,196,1,498.5744,498.205576096
464,1,3,236,339,1,434.52,434.163969096
1025,1,1,851,221,1,914.187,913.555141608
242,1,1,2,30,1,405.96,405.18594223
579,1,1,634,418,1,236.1363,236.028065242
668,1,1,689,109,1,156.054,155.026854771
514,1,1,196,298,1,312.417,312.195011409
1055,1,0,46,343,1,249.289,249.057197301
967,1,0,1062,216,1,370.533,370.250794955
1160,1,1,320,236,1,343.21,342.043901818
800,1,5,886,421,1,293.363,293.152812245
138,1,1,124,216,1,415.5656,415.272258677
1118,1,1,117,296,1,375.548,375.132670429
1233,1,1,288,502,1,212.226,212.025562822
832,1,1,467,307,1,416.6365,416.329045274
1124,1,1,1127,196,1,247.272,247.062676609
862,1,3,118,130,1,205.2596,205.132745505
42,1,0,188,107,1,151.2487,151.136099549
705,1,0,12,368,1,171.154,171.064391169
36,1,1,863,446,1,335.464,335.166747749
264,1,0,810,174,1,275.3874,275.167399677
423,1,33,1072,103,1,354.4825,354.219494826
98,1,1,1160,191,1,244.2047,244.080769514
1129,1,1,272,275,1,602.664,602.206227481
684,1,1,238,130,1,386.574,386.148654844
662,1,1,910,137,1,277.4033,277.183049741
817,1,1,126,500,1,260.3746,260.1888634
993,1,0,1054,236,1,415.5656,415.272258677
688,1,1,993,35,1,340.436,340.191268703
483,1,1,9,296,1,606.78,606.316607362
578,1,1,345,603,1,137.1393,137.058911861
754,1,1,39,116,1,335.464,335.166747749
977,1,0,372,116,1,269.3449,269.164045633
338,1,6,341,196,1,835.086,834.5453052
784,1,1,79,318,1,369.4971,369.230393863
192,1,0,1158,59,1,371.254,371.044481331
701,1,26,577,392,1,374.4706,374.20932407
1223,1,16,296,294,1,305.3339,305.127660127
695,1,0,171,101,1,211.2145,211.084457909
38,1,5,763,262,1,294.351,294.148061218
429,1,0,481,408,1,409.4252,409.148949953
368,1,26,1080,570,1,292.2426,292.090665498
415,1,0,960,71,1,296.4034,296.177630012
633,1,1,741,185,1,351.3479,351.139447899
265,1,0,1024,109,1,291.3853,291.183443671
937,1,1,865,278,1,259.3434,259.157228921
581,1,0,1125,196,1,300.4351,300.20893014
477,1,1,190,488,1,344.4049,344.173607266
513,1,27,991,516,1,318.4305,318.206918767
269,1,1,688,81,1,243.2166,243.085520541
427,1,1,466,207,1,296.4034,296.177630012
490,1,1,1002,40,1,171.2368,171.125928793
482,1,1,916,185,1,243.3043,243.137162181
992,1,26,186,196,1,239.3107,239.152143543
536,1,0,715,130,1,76.0547,76.027277382
613,1,1,976,432,1,285.3027,285.101445377
1126,1,0,433,268,1,387.711,385.981416859
168,1,1,588,126,1,246.302,246.02317956
706,1,1,1117,51,1,226.2738,226.11061308
225,1,0,808,226,1,357.412,357.170434324
235,1,0,680,216,1,466.97,466.192230046
103,1,1,179,46,1,357.3175,357.096085227
1052,1,0,793,323,1,253.278,253.052111923
519,1,1,278,267,1,246.093,245.012267339
580,1,0,1139,0,1,191.1388,191.042987025
593,1,1,273,85,1,531.431,530.148760818
910,1,1,180,243,1,285.359,285.103478791
1146,1,1,293,162,1,325.4876,325.240564619
1003,1,27,871,469,1,187.286,187.136099551
438,1,0,265,374,1,360.831,360.112836867
1108,1,3,913,430,1,258.2295,258.064056818
677,1,1,1138,520,1,179.3018,179.167399677
495,1,3,75,185,1,375.3941,375.159434412
960,1,0,16,385,1,822.9402,822.40512334
647,1,1,1081,411,1,390.468,390.221780456
460,1,1,684,216,1,494.5249,494.211609788
402,1,0,328,196,1,370.422,370.098727764
123,1,26,718,599,1,334.39,334.098727764
901,1,27,905,529,1,312.4061,312.183778022
783,1,0,71,304,1,319.3308,319.133219662
57,1,26,1120,351,1,365.404,365.104541423
816,1,1,312,238,1,357.4864,357.230393863
508,1,1,182,345,1,445.535,445.178375067
243,1,15,297,266,1,315.711,315.041068908
87,1,1,267,396,1,704.8555,704.389748048
854,1,1,520,314,1,277.4879,277.276950125
90,1,0,595,389,1,558.6398,558.253000445
1085,1,3,930,151,1,301.394,301.190260381
1206,1,0,999,343,1,129.157,129.078978601
804,1,1,1181,202,1,495.7348,495.392373811
870,1,1,447,253,1,208.2569,208.121177766
908,1,0,785,186,1,259.3467,259.168462309
525,1,6,923,185,1,302.2788,302.07903818
810,1,0,471,130,1,279.3348,279.158291553
605,1,1,716,344,1,270.2073,270.061612157
873,1,0,816,136,1,461.5462,461.227868975
932,1,22,1012,230,1,399.957,399.207740304
1016,1,0,314,505,1,306.23,305.073804963
1018,1,17,282,196,1,279.848,279.175377544
711,1,27,15,444,1,416.129,413.986023908
1169,1,1,91,109,1,365.512,365.168759122
91,1,0,37,231,1,366.837,366.102272181
322,1,0,95,123,1,230.671,229.991675875
43,1,0,1026,109,1,537.565,536.268482022
1141,1,1,792,578,1,270.348,270.103813142
361,1,1,133,129,1,528.5297,528.221147444
365,1,0,3,208,1,381.684,380.024996233
134,1,0,569,162,1,430.373,430.061040456
902,1,1,1060,196,1,488.577,488.241018119
914,1,0,52,163,1,253.731,253.109423244
876,1,1,777,301,1,356.439,356.119463206
304,1,12,459,196,1,414.586,414.277009704
352,1,0,375,109,1,1035.2223,1034.535134458
616,1,1,184,343,1,361.3675,361.143784348
1057,1,0,18,250,1,404.482,404.119463206
48,1,1,631,559,1,214.223,214.054099558
755,1,5,322,616,1,470.007,469.224453
183,1,5,342,196,1,1109.317,1108.571913873
1110,1,26,300,260,1,254.349,254.10889852
498,1,1,63,185,1,389.3809,389.149932358
165,1,0,287,175,1,239.741,239.10769191
791,1,0,70,185,1,361.3675,361.143784348
583,1,1,859,568,1,705.633,704.239307158
911,1,1,914,121,1,221.2988,221.152812245
80,1,1,794,196,1,197.84,197.827934
733,1,1,392,433,1,268.739,268.097855505
863,1,1,402,481,1,232.2353,232.08479226
539,1,0,698,147,1,497.4939,497.168581467
917,1,0,1042,141,1,341.444,341.199093735
344,1,27,788,398,1,425.911,425.161852744
853,1,28,403,196,1,314.488,314.181669532
309,1,17,809,157,1,231.2573,231.123484132
155,1,0,639,196,1,383.507,383.064332867
412,1,1,770,196,1,440.403,439.168099277
1234,1,0,895,234,1,388.808,388.105066147
1177,1,0,1011,109,1,609.7312,609.296462054
158,1,3,325,196,1,654.595,653.221282062
962,1,1,194,479,1,877.0307,876.452073532
730,0,1,695,256,1,444.4809,444.200884648
636,1,1,714,138,1,233.695,233.093104478
1040,1,3,58,185,1,392.3998,392.165997
202,1,0,1130,123,1,554.58,554.04605704
410,1,15,324,196,1,294.738,294.067224079
445,1,0,123,221,1,372.5441,372.277678406
63,1,1,951,405,1,293.3663,293.164045633
522,1,0,938,149,1,500.424,499.165654616
963,1,1,1174,280,1,785.8785,785.352359489
591,1,26,867,397,1,237.725,237.092041846
162,1,0,842,386,1,430.5339,430.23553882
51,1,0,607,259,1,420.4264,420.198199306
389,1,0,1140,77,1,370.422,370.098727764
381,1,3,416,130,1,352.4699,352.21507815
995,1,1,849,360,1,670.8408,670.38426874
704,1,1,875,226,1,299.796,299.14005467
307,1,27,846,443,1,392.4611,392.199902243
76,1,1,227,225,1,448.385,447.148032537
497,1,0,250,482,1,250.3334,250.15689457
124,1,5,1058,138,1,366.5396,366.26711372
290,1,0,1010,109,1,258.4863,258.303499226
509,1,1,101,343,1,527.632,527.209006493
727,1,22,119,588,1,315.413,315.183443669
403,1,0,329,196,1,325.4048,325.179026995
629,0,1,115,130,1,263.3785,263.199762437
952,1,0,616,196,1,517.763,517.322579687
599,1,1,787,281,1,581.058,580.134731942
302,1,1,1061,196,1,416.5073,416.219888756
1026,1,1,823,233,1,407.3136,407.118079357
291,1,1,713,192,1,228.2053,228.085854892
893,1,27,156,196,1,700.7774,700.329708282
286,1,0,208,138,1,547.664,547.235221243
823,1,0,221,224,1,426.4839,426.206718955
1061,1,1,850,221,1,398.4738,398.211804333
75,1,1,189,165,1,344.4049,344.173607266
531,1,0,160,196,1,160.1759,160.074896276
428,1,1,30,62,1,370.422,370.098727764
756,1,1,712,572,1,297.2673,297.107318615
257,1,27,576,6,1,370.422,370.098727764
510,1,22,99,343,1,449.524,449.173289689
815,1,0,603,185,1,283.3268,283.164439563
553,0,0,499,185,1,370.422,370.098727764
555,0,0,495,89,1,370.422,370.098727764
557,0,0,497,185,1,370.422,370.098727764
478,1,0,210,196,1,585.607,585.190986967
1042,1,2,333,273,0,370.422,370.098727764
198,1,0,1161,73,1,454.507,454.030013046
199,1,0,1088,95,1,427.452,427.050791293
200,1,0,1116,196,1,349.405,349.109626801
826,1,0,1187,109,1,572.8619,572.455308418
877,1,0,1186,109,1,602.8912,602.477106492
1075,1,6,534,196,1,411.4591,411.180758329
73,1,9,217,196,1,210.2298,210.100442324
526,1,6,395,428,1,236.267,236.116092388
685,1,0,649,241,1,310.4299,310.193280076
394,1,0,537,110,1,165.2322,165.115364107
940,1,0,908,185,1,171.2383,171.104799421
934,1,0,445,196,1,1022.23,1021.473160567
258,1,1,580,216,1,402.4807,402.204238692
503,1,2,80,83,1,370.422,370.098727764
830,1,6,581,216,1,392.4611,392.199902243
709,1,23,259,50,1,495.6287,495.289720302
1221,1,27,304,138,1,354.4427,354.194342708
133,1,1,201,301,1,361.819,361.10808584
251,1,0,624,245,1,399.443,399.168187529
358,1,0,264,198,1,366.4932,366.219494826
329,1,1,552,539,1,764.9391,764.434692134
759,1,26,1027,109,1,223.2915,223.144652862
691,1,1,235,156,1,328.472,328.16093409
1088,1,33,740,185,1,417.3811,417.130026072
278,1,0,349,207,1,337.4553,337.204179113
231,1,27,131,553,1,277.19,276.079618622
104,1,22,130,109,1,367.44,367.210721053
1128,1,0,285,138,1,392.512,392.099024577
220,1,1,677,340,1,540.697,540.308703757
897,1,22,454,231,1,481.512,481.175004241
1101,1,28,1132,333,1,344.4877,344.23514489
50,1,5,822,442,0,231.2936,231.137162181
72,1,6,410,130,1,322.487,322.24089897
511,1,15,213,537,1,217.2637,217.110278729
163,1,9,1003,116,0,204.2682,204.126263144
715,1,10,399,130,1,193.2423,193.110278729
4,1,9,468,196,0,286.415,286.193280077
3,1,9,1189,130,1,165.2322,165.115364107
436,1,6,604,185,0,341.415,341.185175001
106,1,14,393,267,1,184.1925,184.08479226
458,1,15,108,524,1,313.2832,313.08626947
332,1,15,539,222,0,301.3801,301.167793607
157,1,16,909,495,1,316.153,315.000724604
246,1,15,963,577,1,318.821,318.059361509
2,1,9,470,130,0,323.4287,323.188529049
686,1,18,379,130,1,149.2328,149.120449485
1050,1,27,136,602,1,278.33,278.083746402
1189,1,1,480,615,1,392.572,392.292659768
592,1,0,280,196,1,368.814,368.092770127
900,1,15,987,196,1,324.804,324.102940883
930,1,15,107,286,1,386.794,386.026759579
426,1,0,858,138,1,958.24,957.581356357
1032,1,0,1067,170,1,362.473,362.199428085
775,1,0,986,255,1,281.2661,281.080041233
543,1,0,424,99,1,299.346,299.093976737
641,1,0,843,517,1,628.8008,628.362470666
292,1,1,85,406,1,373.3615,373.106255983
534,1,0,952,237,1,335.872,335.176440176
880,1,1,973,160,1,475.667,475.196333317
1116,1,0,820,137,1,443.625,443.170118567
1237,0,1,231,222,1,400.965,400.137611829
499,1,22,747,410,1,270.2369,270.05282343
978,1,0,837,229,1,403.207,402.034954148
7,1,6,606,185,1,152.1142,152.04465878
1149,1,6,1153,452,1,248.2428,248.081044286
988,1,8,434,196,1,610.5175,610.153384912
898,1,2,1198,579,1,288.4244,288.20893014
276,1,0,445,196,1,690.85,690.32985038
396,1,22,340,196,1,491.683,491.270544117
398,1,6,459,196,1,268.3502,268.146329884
178,1,0,6,79,1,412.6047,412.297745146
9,1,6,605,185,1,165.1527,165.065059871
339,1,6,158,257,0,149.278,149.033290737
486,1,1,673,144,1,516.7092,516.345089268
951,1,22,19,187,1,228.2433,228.07864425
905,1,7,459,196,1,316.4776,316.240230268
700,1,6,1026,109,1,80.023,80.002715916
1043,1,19,1178,538,1,290.4403,290.224580204
836,1,11,340,196,1,507.683,507.265458739
1179,1,22,662,87,1,308.3728,308.173607266
41,1,11,756,548,1,401.84,401.103000462
397,1,6,459,196,1,266.3343,266.13067982
860,1,14,1006,560,1,243.3871,243.198699805
956,1,7,1090,194,1,454.4727,454.227493328
1194,1,22,460,196,1,450.574,450.248269984
340,0,1,44,343,1,328.4883,328.240230268
859,1,33,728,499,1,179.2157,179.094628665
6,1,6,341,196,1,386.5228,386.266838948
931,1,11,732,377,1,302.2357,302.042652674
171,1,6,405,109,1,190.326,190.126559957
191,1,1,508,56,1,179.194,179.025228471
8,1,6,601,185,1,150.138,150.054160834
766,1,6,169,540,1,282.218,282.061612157
1115,1,1,585,212,1,189.218,189.048954601
32,1,11,578,297,1,360.444,360.193674006
259,1,6,899,343,1,146.1427,146.036779436
622,1,22,722,583,1,379.879,379.13390666
771,1,3,243,196,1,308.31,308.046692194
137,1,1,347,208,1,310.3917,310.146998586
687,1,3,1083,309,1,311.36,311.093977213
906,1,5,522,196,1,329.4779,329.214349869
1232,1,33,239,196,1,291.73,291.066221026
655,1,20,330,222,1,323.432,323.199762437
1227,1,5,404,196,1,317.23,316.057512
689,1,21,983,196,0,250.2952,250.11061308
664,1,1,462,196,1,513.6655,513.327917369
263,1,0,533,196,1,276.3707,276.172544634
268,1,1,363,207,1,416.938,416.175437123
289,1,1,94,169,1,175.2303,175.110947431
469,1,1,226,196,1,475.5727,475.243519039
1103,1,1,417,153,1,317.4226,317.199093735
588,1,1,587,196,1,506.7,506.281443634
203,1,1,1039,130,1,379.501,379.247106555
985,1,1,953,393,1,352.346,352.105921623
433,1,0,668,404,1,316.375,316.088163078
357,1,0,270,178,1,556.756,556.297093218
313,1,22,76,567,1,461.379,460.153177494
1130,1,22,660,418,1,178.151,178.049075449
643,1,5,868,523,1,195.69,195.0814772
280,1,22,307,222,1,305.4134,305.177964363
176,1,22,1045,196,1,370.4388,370.178023942
135,1,22,921,132,1,173.2542,173.120449485
720,1,1,323,196,1,246.354,246.173213336
1098,1,22,17,300,1,283.4079,283.193614427
449,1,1,303,196,1,390.4021,390.166745929
232,1,1,244,493,1,456.316,455.090242887
855,1,1,1104,560,1,391.288,390.07894992
959,1,22,483,196,1,941.088,940.446988137
808,1,1,34,513,1,378.891,378.138657687
541,1,0,229,420,1,426.4806,426.195485567
632,1,1,911,159,1,259.132,258.03266843
881,1,1,717,494,0,185.2218,185.084063979
430,1,1,387,587,1,303.3314,303.13830504
101,1,22,971,171,1,457.96,457.1880675
1176,1,22,660,346,1,213.1906,213.074955855
105,1,22,457,303,1,444.488,444.200884638
886,1,22,421,264,1,1110.357,1109.626015129
113,1,1,692,396,1,318.35,318.067428113
86,1,1,431,76,0,284.242,284.059720369
718,1,1,1106,548,1,163.1717,163.084457909
545,1,0,1056,296,1,392.4907,392.209992772
493,1,1,653,508,1,332.528,332.271530399
224,1,22,167,17,1,381.809,381.035017899
1151,1,1,845,429,1,761.837,761.261829923
745,1,22,491,185,1,370.422,370.098727764
907,1,0,563,334,1,359.2574,359.072905124
520,1,22,459,196,1,330.468,330.219494826
125,1,22,1159,347,1,398.499,398.209324066
250,1,1,617,217,1,531.318,531.06306
694,1,0,1191,427,1,203.2371,203.094628665
563,0,22,704,185,1,370.422,370.098727764
984,1,0,276,273,1,315.48,315.165685603
1193,1,0,600,322,1,475.354,474.106666884
871,1,1,571,328,1,427.564,427.26350551
312,1,1,977,267,1,369.36,369.075882366
527,1,1,425,190,1,111.1451,111.079647303
943,1,22,1025,109,1,370.422,370.098727764
825,1,1,482,280,1,414.549,414.230728214
1079,1,22,64,185,1,370.422,370.098727764
1086,1,5,557,196,1,679.8493,679.405732463
156,1,1,290,286,1,212.2887,212.152477894
617,1,1,209,356,1,531.431,530.148760818
70,1,1,831,254,1,460.5,460.130422295
489,1,22,922,423,1,308.3743,308.152477894
1155,1,1,961,216,1,370.422,370.098727764
12,1,0,200,373,1,349.509,349.240564619
488,1,22,443,196,1,241.287,241.131408096
1006,1,22,532,196,1,232.2272,232.102334112
590,1,22,340,196,0,489.67,489.254894534
351,1,22,731,535,1,392.438,392.176087483
788,1,0,343,185,1,420.6252,420.323959896
194,1,1,223,491,1,427.41,426.1953171
650,1,1,109,350,1,393.506,393.221640697
204,1,1,487,470,0,267.67,267.0523023
1131,1,1,145,381,1,431.536,431.220891806
1015,1,3,199,138,1,440.941,440.177917386
1056,1,30,638,103,1,255.317,255.013617927
708,1,1,876,145,1,264.3648,264.16264865
20,1,1,437,39,1,163.195,163.030313849
787,1,0,535,205,1,299.414,299.188529049
885,1,0,396,636,1,295.44,295.139470854
846,1,0,1109,25,1,316.1366,316.01387174
968,1,1,981,196,1,463.787,462.078094435
494,1,22,61,185,0,426.42,426.139113458
786,1,1,24,231,1,413.4205,413.147452095
980,1,1,554,507,1,540.69,540.207627243
1008,1,22,660,17,1,354.4493,354.216809484
987,1,0,965,341,1,238.1935,238.066617308
37,1,0,248,222,1,339.3916,339.169524941
1073,1,0,518,438,1,221.3385,221.177964363
1021,1,0,111,329,1,495.5345,495.234491142
899,1,0,249,519,1,373.441,373.114792406
376,1,0,748,407,1,442.4666,442.164105212
347,1,1,1149,87,1,420.504,420.1137259
1147,1,0,260,196,1,448.941,448.155370383
84,1,0,812,173,1,285.77,285.0920418
1202,1,1,415,130,1,349.471,349.225308482
596,1,0,336,277,1,250.2936,250.131742452
975,1,0,821,327,1,435.881,435.065569098
751,1,3,1107,593,1,339.435,339.183443669
957,1,22,340,196,1,990.222,989.562943387
665,1,1,943,229,1,376.23,375.0752615
93,1,0,761,231,1,483.951,483.17856544
359,1,1,162,106,1,213.189,213.063722458
60,1,22,660,183,1,483.473,483.152931389
1145,1,22,995,185,0,245.366,245.177964365
1182,1,1,636,216,1,516.656,516.25187436
1027,1,3,23,277,1,454.905,454.006005309
1135,0,0,957,196,1,370.422,370.098727764
1090,1,0,852,140,1,1030.2871,1029.602485741
1023,1,0,674,229,1,749.939,749.291690263
279,1,0,826,416,1,408.873,408.133966239
10,1,22,646,196,1,370.422,370.098727764
999,1,0,825,216,1,315.41,315.194677059
252,1,22,645,196,1,370.422,370.098727764
549,1,22,513,261,0,385.846,384.995774974
109,1,1,86,590,1,470.613,470.256942963
44,1,1,759,534,1,378.428,378.157957196
354,1,0,1183,42,1,412.6478,412.334130652
818,1,15,449,118,1,332.484,332.23514489
78,1,1,56,506,1,273.35,273.082349901
422,1,0,35,277,1,435.277,434.049071779
207,1,22,365,216,1,765.945,765.420045112
384,1,22,656,103,1,370.422,370.098727764
1107,1,22,660,114,1,257.2184,257.081184092
1012,1,22,656,17,1,238.2845,238.11061308
95,1,22,51,278,1,501.73,501.291280043
350,1,22,306,196,1,442.5925,442.262028342
637,1,1,74,375,1,638.822,636.050229257
945,1,22,214,196,0,268.36,268.157563272
193,1,22,414,77,1,283.35,283.099062593
611,1,22,448,196,1,439.471,439.153206168
241,1,22,985,287,1,161.65,161.0065981
892,1,22,660,121,0,348.359,348.14336976
918,1,22,602,185,1,306.3602,306.16919059
924,1,0,261,196,1,367.87,367.1662694
949,1,22,148,130,1,400.49,400.145678435
743,1,22,438,586,1,516.55,516.18965125
298,1,22,215,130,1,301.474,301.240564622
726,1,22,341,196,1,755.987,755.481976666
837,1,0,862,150,1,437.518,437.163393705
26,1,1,764,344,1,243.301,243.125928793
716,1,1,558,387,1,570.649,570.226705462
758,1,22,62,185,0,371.437,371.184506297
827,1,1,575,222,1,349.434,349.179026993
68,1,0,836,448,1,459.4971,459.190654313
1069,1,1,1073,181,0,463.501,463.208276263
97,1,1,592,501,1,386.47,386.120131908
575,1,1,159,196,0,717.77,717.241370179
275,1,0,1084,418,1,94.1145,94.053098202
1204,1,22,77,218,1,533.6288,533.2977601
991,1,1,870,434,1,302.349,302.143056023
628,1,0,120,63,1,370.422,370.098727764
835,1,0,27,196,1,1047.2062,1046.50142376
790,1,22,944,233,1,525.56,525.170925567
409,1,22,398,130,1,265.36,265.157897624
1208,1,0,310,273,1,441.5249,441.216475133
600,1,22,459,196,0,356.81,356.0927701
707,1,6,429,337,1,390.52,390.240624195
270,1,0,177,338,1,627.7332,627.316917457
315,1,1,106,601,1,233.3062,233.141578857
441,1,0,284,138,1,411.5769,411.277344055
651,1,0,970,222,0,528.94,527.154947772
702,1,0,1133,209,1,302.451,302.224580204
770,1,1,271,456,1,385.3707,385.127385355
781,1,1,361,204,1,327.468,327.219829178
479,1,0,567,231,0,614.4066,614.116518403
164,1,6,1041,130,1,261.3593,261.172878985
1041,1,13,409,130,0,234.387,234.209598845
1054,1,0,11,152,1,314.362,314.083746402
500,1,22,356,272,1,310.4299,310.193280076
1239,1,6,151,185,1,272.2974,272.083729628
15,1,1,172,343,1,354.18,353.0221633
1224,1,6,178,4,0,298.36,298.066365485
1013,1,6,724,466,1,354.446,354.183109317
496,1,22,418,589,1,375.21,374.0224977
45,1,1,459,196,0,378.108,375.978589
128,1,4,451,635,1,536.888,536.438201803
129,1,2,423,127,1,117.1463,117.078978601
874,1,0,90,196,0,245.33,245.164045632
117,1,1,696,185,0,358.263,357.101082345
127,0,0,658,185,1,393.84,393.125547465
172,1,0,586,235,1,835.9324,835.377905537
529,1,1,146,32,1,370.422,370.098727764
187,1,0,900,20,1,305.4119,305.199093735
277,1,0,1141,75,1,370.422,370.098727764
303,1,0,459,196,1,372.505,372.23005951
328,1,0,1049,196,1,508.5515,508.227259852
521,0,3,1048,196,1,454.96,454.19223
535,1,1,358,269,1,428.6041,428.292659768
598,1,0,25,196,1,1096.33,1095.467029814
765,1,27,43,344,1,327.12,325.986112168
780,1,5,422,17,0,616.8235,616.41864814
936,1,0,428,548,1,444.4163,444.155746017
1047,1,0,1193,148,0,397.74,396.0021528
1125,1,0,1142,605,1,370.422,370.098727764
1127,1,1,1096,77,0,163.19,163.030314328
148,1,6,339,196,1,280.3594,280.167459256
210,1,0,661,97,1,423.202,422.028370912
1153,1,22,511,231,1,327.3313,327.110672659
831,1,0,245,231,1,370.422,370.098727764
0,1,6,856,453,0,308.3279,308.104859
186,1,22,440,282,1,451.369,450.068402008
417,1,33,853,214,0,408.362,408.084517475
1053,1,6,88,343,1,267.304,267.067761987
753,1,15,1177,104,1,428.6472,428.329045274
1139,1,6,216,196,1,382.4528,382.18925733
652,1,1,225,196,1,492.676,492.255897106
1121,1,0,1077,311,1,522.568,522.186080514
1070,0,0,96,17,1,452.5313,452.237430608
585,1,0,966,216,1,392.4907,392.209992772
100,1,1,517,400,1,568.5336,568.159413764
293,1,0,1115,606,1,139.1519,139.063328537
635,1,1,565,196,1,693.7204,693.278996673
1211,1,1,725,282,1,421.297,420.010218428
1076,1,1,1172,613,1,499.71,499.296759347
25,1,6,525,196,1,130.1915,130.121846468
375,1,22,753,555,1,302.1926,302.006267168
883,1,0,733,582,1,421.4608,421.168936466
964,1,0,675,472,1,366.4185,366.159294606
260,1,1,275,313,1,450.337,449.11854397
1183,1,0,354,229,1,433.592,433.261693991
447,1,1,750,610,1,307.4708,307.251129305
149,1,1,640,196,1,370.422,370.098727764
145,1,5,353,216,1,519.6767,519.342069575
443,1,0,662,196,1,1058.05,1056.4252209
175,1,1,33,241,1,501.514,501.169999048
989,1,0,841,231,1,306.365,306.159294606
1097,1,0,20,363,1,270.2073,270.061612157
1199,1,0,861,399,1,489.922,489.072546264
623,1,0,263,196,1,472.5422,472.23352218
852,1,0,882,310,1,349.393,349.121512115
724,1,0,254,594,1,396.506,396.161996722
1138,1,1,597,267,1,312.3696,312.169859292
942,1,0,574,388,1,482.815,482.076880893
21,1,0,378,109,1,484.651,484.161624833
392,1,0,925,459,1,464.436,464.093009286
111,1,0,154,196,1,555.505,554.156890893
206,1,0,956,600,1,370.422,370.098727764
476,1,3,1137,196,0,302.4079,302.188194698
472,1,0,835,236,1,538.576,538.163693965
181,1,0,247,292,1,444.516,444.140672805
512,1,0,1135,223,0,530.6512,530.266838948
890,1,0,890,229,1,273.2441,273.074955855
1152,1,0,1119,233,1,615.3948,615.077875874
271,1,1,927,473,1,519.562,519.101050904
620,1,1,869,450,1,246.348,246.173213336
856,1,6,941,240,1,426.58,426.208947396
343,1,0,781,627,1,419.3788,419.129277143
969,1,0,758,305,1,422.4157,422.161500097
656,1,0,1121,279,1,588.273,585.963349142
648,1,0,1180,267,1,354.27,352.961495
1031,1,0,1152,45,1,529.458,529.162544687
551,1,5,1165,598,1,810.732,810.19217043
546,1,23,334,196,0,228.3327,228.16264865
506,1,23,100,343,0,366.48,366.161328499
466,1,6,682,216,0,390.4452,390.184252179
461,1,5,683,216,0,376.4617,376.204987621
435,1,33,519,196,0,315.4513,315.198699805
393,1,22,1068,196,0,259.3865,259.193614427
337,1,1,50,302,1,608.5447,608.174120354
112,1,6,1046,130,1,291.347,291.14705816
160,1,23,984,196,1,393.689,391.949807384
34,1,1,515,196,1,551.7583,551.393436443
1216,1,0,623,326,1,492.5817,492.242435759
721,1,1,663,113,1,407.576,407.316445963
1063,1,1,622,196,1,450.93,450.1571017
1022,1,1,958,196,1,370.422,370.098727764
379,1,0,493,585,1,450.91,450.1445309
374,1,1,620,138,1,404.551,404.267507647
1082,1,0,98,117,1,450.323,450.08529742
762,1,1,545,177,1,578.603,578.248030644
752,1,0,538,273,1,651.794,651.361861531
538,1,0,584,224,1,440.507,440.196074037
540,1,0,589,474,1,415.432,415.155686391
184,1,1,881,361,1,314.469,314.224580206
205,1,0,542,231,1,558.135,557.22273844
249,1,0,903,176,1,776.03,775.354960183
1218,1,1,864,467,1,298.45,298.15036989
1120,1,1,643,7,1,312.453,312.208930142
1074,1,1,889,229,1,245.322,245.141578856
1030,1,0,1005,631,1,126.087,126.02928837
822,1,1,590,201,1,447.5328,447.238273207
793,1,0,596,312,1,434.4628,434.175418827
1185,1,0,1190,130,1,428.595,428.258405759
608,1,1,749,382,1,426.86,426.1094828
772,1,0,549,595,1,539.6248,539.253254569
795,1,0,805,365,1,386.448,386.184171945
1207,1,0,833,196,1,486.43,485.1735786
584,1,0,969,196,1,468.594,468.262422267
1167,1,0,292,196,1,387.476,387.204573038
875,1,0,524,196,1,511.52,510.221348
327,1,3,830,216,1,394.459,394.195565708
120,1,0,5,91,1,242.2268,242.057908808
1117,1,0,1008,68,1,370.422,370.098727764
377,1,0,26,296,1,447.884,447.124878763
273,1,1,949,320,1,738.89,738.385331362
180,1,5,629,91,1,80.103,79.9687389
1044,1,0,928,461,1,234.295,234.12559444
408,1,0,40,284,1,296.326,296.116092383
1236,1,1,637,496,1,305.4119,305.199093735
842,0,0,705,185,1,370.422,370.098727764
324,1,0,253,196,1,311.425,311.188529049
671,1,5,485,196,1,340.507,340.24023027
151,1,1,224,138,1,433.57,433.182398295
256,1,1,1074,15,1,63.546,62.929601079
1037,1,1,618,196,1,485.507,485.192626198
450,1,0,1102,596,1,358.444,358.192206368
419,1,6,964,289,1,342.846,342.070594897
349,1,0,1029,164,1,295.44,295.139470854
170,1,14,149,222,1,350.506,350.235813594
287,1,0,771,239,1,493.58,493.167142155
1209,1,3,505,562,1,237.299,237.136493476
645,1,0,1144,138,1,405.469,405.214030346
631,1,6,760,451,1,480.54,480.146741063
761,1,6,775,233,0,381.42,381.083492716
976,1,11,774,233,0,397.45,397.109627278
222,1,6,776,233,1,333.45,333.139864779
79,1,22,1037,130,1,371.53,371.07959045
742,1,1,1128,617,1,279.38,279.183443669
646,1,0,166,624,1,246.3016,246.125594442
310,1,1,790,391,1,206.2808,206.13067982
311,1,1,173,18,1,254.2806,254.094294314
1143,1,1,240,196,1,261.704,261.05565634
887,1,6,426,54,1,289.6,288.020082
144,1,22,220,196,1,367.512,367.242376141
676,1,22,233,130,1,263.356,263.168542495
1235,1,3,931,229,1,331.86,331.0797631
108,1,6,268,196,1,491.544,491.205635666
74,1,6,523,196,1,388.376,388.127050992
99,1,22,530,196,1,582.657,582.247834831
118,1,6,274,216,1,505.571,505.22128573
223,1,22,516,196,1,492.528,492.18965125
284,1,6,529,196,0,371.393,371.148120788
369,1,6,256,196,1,631.666,631.244737574
595,1,1,1057,196,1,455.551,455.230787787
614,1,1,1063,199,1,408.88,408.1451996
660,1,1,257,515,1,610.711,610.27913496
767,1,6,1059,196,1,609.723,609.283885988
768,1,6,531,196,0,490.553,490.231516063
696,1,1,817,383,1,319.85,319.0909965
882,1,6,380,116,1,226.323,226.146998588
1144,1,6,381,116,1,207.229,207.089543283
1083,1,1,796,367,1,200.169,200.059720321
542,1,22,281,306,1,319.408,319.168462308
869,1,0,573,597,0,437.44,437.023908795
865,1,0,630,337,0,136.1479,136.0524295
1180,1,2,473,43,1,863.3435,862.683911368
355,1,6,919,185,1,266.257,266.101504947
82,1,1,1075,542,1,384.425,384.178417862
1028,1,1,1093,548,0,390.07,389.921312
649,1,0,13,464,1,452.414,452.118378014
735,1,1,1021,12,1,242.235,242.101504947
739,1,6,165,541,1,395.382,395.145676005
916,1,6,824,67,1,264.325,264.147392512
1119,1,22,1030,196,1,436.952,436.122355695
938,1,22,934,185,1,279.343,279.137162179
979,1,1,946,138,1,500.485,500.189847063
1071,1,6,168,18,1,414.34,414.082741396
797,1,1,782,395,1,894.127,893.505112145
833,1,1,779,220,1,765.89,765.294467927
1020,1,11,439,548,0,482.441,482.121296908
1093,1,0,838,414,1,476.474,476.193705056
219,1,2,1101,65,1,370.422,370.098727764
594,1,6,341,196,0,785.969,785.456155841
1064,1,0,1195,196,1,370.422,370.098727764
1065,1,0,1194,196,1,370.422,370.098727764
1029,1,0,1098,640,1,41.9882,41.98817288
1084,1,1,420,72,1,312.257,312.086997698
1197,1,1,657,66,0,370.422,370.098727764
807,1,0,610,229,1,499.619,499.269573331
682,1,6,1108,633,1,483.87,485.07623
319,1,26,628,74,0,370.422,370.098727764
921,1,0,627,337,1,294.395,294.194342705
615,1,1,1040,130,1,307.434,307.214743798
798,0,1,1171,9,1,370.422,370.098727764
554,0,0,500,89,1,370.422,370.098727764
799,0,1,1168,630,1,370.422,370.098727764
589,1,1,1145,381,0,361.03,360.081492
889,0,0,1036,1,1,370.422,370.098727764
895,1,0,1082,193,1,101.1032,100.951524732
1004,1,1,1099,58,0,128.97,129.916915758
802,0,15,286,138,1,370.422,370.098727764
169,1,5,626,109,1,193.246,193.110278727
926,1,26,374,34,1,206.31,206.087769633
528,1,0,1023,337,1,275.348,275.15214354
851,0,1,432,229,0,370.422,370.098727764
1137,0,1,1126,330,1,370.422,370.098727764
618,1,1,510,52,0,459.4558,459.186631567
333,1,0,547,196,1,563.699,563.31076944
331,1,0,459,196,1,577.726,577.326419505
923,0,0,1169,13,1,370.422,370.098727764
1007,1,0,757,342,1,496.63,496.2144267
201,1,33,1089,26,1,365.4,365.104541898
610,1,1,1118,231,1,404.28,402.999011
552,1,6,506,185,1,370.422,370.098727764
560,1,22,492,185,1,370.422,370.098727764
562,1,22,489,185,1,370.422,370.098727764
371,1,0,904,320,1,882.035,881.422445147
515,1,0,772,196,1,766.903,766.335997918
1200,1,1,608,196,1,868.45,867.3180959
85,1,3,745,521,1,748.286,747.270476492
1111,1,0,147,48,1,404.81,405.992720501
1198,1,1,947,248,1,883.019,882.406460731
501,1,0,359,196,1,308.4141,308.177630012
801,1,1,633,465,1,413.17,411.9977395
1136,1,0,458,330,1,370.422,370.098727764
297,1,1,967,334,0,534.492,534.17261903
81,1,8,125,167,1,284.352,284.162373873
47,1,1,413,574,1,109.132,109.063997237
1210,1,1,568,196,1,816.944,816.390971041
884,1,1,266,145,1,295.85,295.1702922
1178,1,1,924,620,1,480.532,480.202222045
261,1,1,157,561,1,368.3799,368.125988372
821,1,1,935,276,1,472.589,472.247440906
14,1,1,562,332,1,465.517,465.191323009
1106,1,1,1015,216,1,520.505,520.182121086
383,1,1,968,273,1,540.01,539.1517794
602,1,1,939,130,1,377.367,377.135111321
1215,1,1,1014,509,1,345.39,345.094726104
174,0,1,128,543,1,405.358,405.113626985
161,1,22,340,196,1,905.044,904.44565073
961,1,1,14,461,1,697.778,697.309825957
582,1,1,744,403,1,384.436,384.179755269
1091,1,1,436,216,1,1145.04,1142.3097435
998,1,1,641,196,1,370.422,370.098727764
185,1,1,807,295,1,412.428,412.144787354
773,1,1,660,612,1,320.396,320.16371128
481,1,1,936,335,1,583.498,583.158047823
136,1,1,452,331,1,449.386,449.119855181
1133,1,1,902,196,1,454.863,454.104397445
107,1,1,1163,196,1,371.42,371.116443989
407,1,1,313,286,1,237.73,237.0920418
405,1,1,789,544,1,436.89,436.1288808
760,1,1,566,321,1,557.05,556.1989665
806,1,1,207,525,1,227.242,227.085875497
944,1,1,972,622,1,623.64,623.176244497
953,1,1,955,130,1,597.76,597.331504885
150,1,1,998,55,1,318.4935,318.255880332
550,1,1,570,321,1,560.475,559.186543307
67,1,1,840,282,1,477.44,477.088258569
1192,1,1,1131,139,1,418.578,418.283157712
295,1,1,582,216,1,441.524,441.215137722
11,1,1,501,315,0,184.242,184.100048394
116,1,1,472,637,1,344.492,344.256274259
1009,1,1,474,196,1,443.313,443.09292698
296,1,1,795,584,1,440.76,440.0499171
606,1,1,1016,313,1,410.425,410.155432226
362,1,1,612,196,1,416.87,416.1152369
274,1,1,591,143,1,469.939,469.168080981
139,1,1,737,441,1,441.233,440.02956
504,1,1,937,246,1,374.448,374.185509352
370,1,1,780,621,1,631.6,631.210561893
391,1,1,559,196,1,560.65,560.271130685
96,1,1,735,365,1,649.65,648.1510867
39,1,1,598,282,1,441.47,441.144630278
891,1,1,766,549,1,460.97,460.1223562
1080,1,1,219,390,1,376.335,376.10347684
612,1,1,734,475,1,572.561,572.20466805
1087,1,1,502,478,1,574.99,574.1707009
644,1,1,364,476,1,406.421,406.155352039
502,1,1,599,196,1,552.724,552.353637309
400,1,1,548,231,1,446.555,446.24302423
154,1,1,476,379,1,561.701,561.354288024
306,1,1,302,134,1,323.466,323.236754209
411,1,1,1196,325,1,304.3808,304.167459256
888,0,1,651,216,1,370.422,370.098727764
1161,1,1,670,188,1,359.65,357.9501172
442,1,1,671,511,0,279.31,279.067762465
152,1,1,613,251,1,584.1,583.2591382
919,1,1,277,322,1,367.4813,367.214743799
346,1,1,1013,216,1,425.749,425.050251565
399,1,1,1028,213,1,558.563,558.212592137
986,1,1,727,458,1,323.371,323.143390375
1024,1,1,854,231,1,516.605,516.259977484
947,1,1,996,337,1,439.313,438.069139
966,1,1,945,231,1,534.568,534.219095112
432,1,1,129,394,1,157.104,157.028754544
537,1,1,484,252,1,730.051,729.519305657
255,1,1,609,299,1,480.529,480.223351414
434,1,1,942,288,1,524.678,524.256959738
813,1,1,625,196,1,467.654,467.314792192
994,1,1,463,271,1,370.449,370.189257325
83,1,1,105,503,1,449.84,449.1066235
820,1,1,751,349,1,404.47,404.184840649
653,1,1,464,196,1,784.88,784.277814807
1038,1,1,778,551,1,424.94,424.1111228
604,1,1,556,196,1,507.73,507.301844727
491,1,22,1079,96,1,321.377,321.168856233
1078,1,1,611,618,1,572.75,572.336255913
990,0,1,642,548,1,370.422,370.098727764
285,1,1,773,291,1,398.85,398.1258016
858,1,1,593,569,1,417.82,417.0968077
386,1,1,978,196,1,370.422,370.098727764
669,1,22,659,632,1,476.87,476.0986433
654,1,1,666,34,1,591.54,590.1408987
1214,1,1,1170,634,1,370.422,370.098727764
406,1,0,509,61,1,340.284,340.079432095
236,1,0,1050,196,1,408.89,408.1503652
954,1,6,10,426,1,284.2204,284.032087988
1173,1,0,195,402,1,813.9684,813.451070479
65,1,0,1170,31,1,370.422,370.098727764
440,1,0,144,644,1,151.908,151.886671311
334,1,7,546,196,1,611.743,611.31076944
894,1,0,514,14,0,234.245,234.01418418
140,0,7,541,483,1,302.414,302.188194697
657,1,1,141,8,0,450.629,450.10712646
16,1,1,163,591,1,415.83,415.082265
462,1,7,419,106,0,214.183,214.061920473
424,1,6,361,196,0,300.442,300.208930142
471,1,7,686,236,1,444.51,444.158215012
380,1,1,844,477,1,473.383,473.139877173
505,1,1,736,619,1,838.87,838.298310911
29,1,0,1091,2,1,370.422,370.098727764
182,1,6,512,580,1,440.454,440.159688536
1099,1,0,828,497,1,412.614,412.297745148
1100,1,0,827,497,1,400.594,400.297745146
1102,1,1,1136,498,1,456.711,456.360345406
1220,1,6,308,196,0,426.516,426.194342705
448,0,4,528,196,1,370.422,370.098727764
779,1,1,360,196,0,370.489,370.214409446
102,1,1,1044,581,1,571.55,571.122477593
740,1,0,1170,5,1,370.422,370.098727764
1238,0,0,451,330,1,370.422,370.098727764
1123,0,1,647,34,1,370.422,370.098727764
218,1,4,1129,44,1,241.287,241.131408096
670,1,11,550,409,1,370.422,370.098727764
5,1,9,397,130,1,218.2948,218.141913208
748,1,22,877,435,1,628.938,628.449160412
159,1,0,615,185,0,259.063,257.975238
480,1,0,193,196,1,688.608,688.224926219
233,1,22,104,164,0,365.79,365.0942473
484,1,6,555,185,0,293.345,293.13282569
1158,1,6,1185,109,0,204.237,204.11234441
19,1,26,47,343,1,309.34,309.078327149
1,1,11,855,480,0,308.3279,308.104859
746,1,6,164,17,1,314.357,314.093642386
320,1,6,521,196,1,454.611,454.283157712
378,1,6,526,196,1,334.4977,334.24089897
634,1,6,527,196,1,468.545,468.22244916
1105,1,6,755,196,1,622.762,622.30428708
316,1,6,1055,196,1,609.723,609.283885988
1092,1,11,1150,94,1,287.2123,287.078340473
77,1,1,228,225,1,660.72,659.3256625
737,1,27,679,235,1,521.429,520.141944106
1228,1,1,427,38,1,136.315,133.866851992
587,1,1,572,250,1,582.97,582.1394008
1081,1,1,662,117,1,370.344,370.11896653
1002,1,8,191,196,1,370.489,370.214409446
366,1,0,1019,571,1,374.268,374.001495875
367,1,26,1019,571,1,336.2063,336.054554784
904,1,26,721,384,1,440.429,440.160004892
131,1,26,29,216,1,472.446,472.166233087
601,1,1,979,196,1,428.444,428.177230298
946,1,1,203,364,1,602.585,602.225399109
970,1,0,948,370,1,510.367,509.086266
794,1,1,503,274,1,386.55,386.202799388
1203,1,1,469,196,1,444.535,444.216140778
666,1,1,488,460,1,273.336,273.147726864
13,1,1,54,286,1,323.42,323.14159611
1219,1,1,544,286,1,337.379,337.142641484
1184,1,3,1,197,1,571.56,571.183124142
530,1,1,1076,185,1,370.422,370.098727764
92,1,1,456,317,1,581.656,581.266540031
282,1,0,988,196,1,450.93,450.1571017
1225,1,1,560,319,1,471.561,471.227039814
1187,0,1,767,222,1,380.375,380.157243745
1034,1,1,367,28,1,370.422,370.098727764
845,1,1,465,196,1,487.508,487.203110695
981,1,1,917,155,1,370.422,370.098727764
1094,1,1,762,241,1,492.583,492.227374166
487,1,1,980,227,1,418.457,418.175338592
94,1,1,32,231,1,498.57,498.240419072
971,1,1,140,576,0,401.474,401.196408389
1181,1,1,932,447,1,549.554,549.198774206
1166,1,1,901,185,1,446.559,446.254257618
373,1,1,561,380,1,597.66,597.234508266
1201,1,1,632,543,1,426.388,426.136428113
115,1,1,48,290,1,383.34,383.043913533
364,1,6,540,100,1,786.733,786.258243881
903,1,26,28,196,1,402.4807,402.204238692
23,1,1,478,399,1,604.13,603.2524793
1039,1,1,507,623,1,560.606,560.234745176
439,1,0,142,606,1,431.154,431.006543
607,1,22,348,296,1,968.28,967.1435188
1010,1,1,113,251,1,525.613,525.248837886
896,1,1,726,358,1,533.612,533.266299469
126,1,0,784,138,1,562.573,562.210422133
88,1,1,477,196,1,603.525,603.170508599
446,1,1,594,247,1,378.432,378.169190584
638,0,1,368,27,1,370.422,370.098727764
639,1,1,648,216,1,370.422,370.098727764
663,0,1,435,196,1,674.96,674.398604889
725,1,1,38,473,1,450.56,450.172561887
796,1,1,430,451,1,354.79,354.0883534
732,1,1,198,221,1,585.709,585.306352764
1014,1,0,127,611,1,499.52,499.195464906
305,1,1,752,563,1,425.467,425.200316838
774,1,1,461,196,1,499.535,499.240639019
114,1,1,768,378,1,452.518,452.196074037
1132,0,0,650,196,1,370.422,370.098727764
625,1,0,450,241,1,508.42,508.055206494
